kind,value,rws,safe_capture,false_per_attempt,unsafe_per_attempt,abort_success
none,0,1.2316,0.7339,0.000878,0.000228,1.0000
bias,-0.4,0.5000,0.0000,0.000000,0.000000,1.0000
bias,-0.2,1.2334,0.7339,0.000000,0.000228,1.0000
bias,-0.1,1.2334,0.7339,0.000000,0.000228,1.0000
bias,0.1,1.2290,0.7339,0.002175,0.000228,1.0000
bias,0.2,0.9969,0.7339,0.118276,0.000217,1.0000
gamma,0.5,0.9247,0.7339,0.154393,0.000208,1.0000
gamma,0.7,1.1747,0.7339,0.029377,0.000222,1.0000
gamma,1.5,1.2334,0.7339,0.000000,0.000228,1.0000
gamma,2.0,1.2334,0.7339,0.000000,0.000228,1.0000
noise,0.05,1.2316,0.7348,0.001175,0.000421,1.0000
noise,0.1,1.2097,0.7335,0.011490,0.000417,1.0000
noise,0.2,1.0903,0.6853,0.047130,0.000377,1.0000
