section,key,value
accuracy,simpson_max_abs_err_n16,1.327217e-02
accuracy,trig_max_abs_err_n16,7.654779e-04
accuracy,simpson_max_abs_err_n32,4.619448e-03
accuracy,trig_max_abs_err_n32,9.794615e-10
accuracy,simpson_max_abs_err_n64,1.617471e-03
accuracy,trig_max_abs_err_n64,9.677684e-10
accuracy,simpson_max_abs_err_n128,5.692697e-04
accuracy,trig_max_abs_err_n128,9.669101e-10
accuracy,simpson_max_abs_err_n256,2.008450e-04
accuracy,trig_max_abs_err_n256,9.668537e-10
accuracy_anisotropic,simpson_max_err,1.600042e-03
accuracy_anisotropic,trig_max_err,6.714088e-09
horizon,simpson_abs_err_m1,4.340223e-16
horizon,simpson_abs_err_m2,1.110223e-16
horizon,simpson_abs_err_m3,2.220434e-16
horizon,simpson_abs_err_m4,8.241627e-14
horizon,simpson_abs_err_m5,9.878518e-10
horizon,simpson_abs_err_m6,6.937385e-08
horizon,simpson_abs_err_m7,8.522599e-06
horizon,simpson_abs_err_m8,1.382547e-04
horizon,simpson_abs_err_m9,6.649288e-04
horizon,simpson_abs_err_m10,1.503934e-03
horizon,simpson_abs_err_m11,2.112697e-03
horizon,simpson_abs_err_m12,2.191784e-03
horizon,simpson_abs_err_m13,1.874767e-03
horizon,simpson_abs_err_m14,1.375765e-03
horizon,simpson_abs_err_m15,8.257255e-04
horizon,simpson_abs_err_m16,4.818813e-04
horizon,simpson_abs_err_m17,2.789618e-04
horizon,simpson_abs_err_m18,1.655695e-04
horizon,simpson_abs_err_m19,1.128808e-04
horizon,simpson_abs_err_m20,1.105536e-04
horizon,simpson_abs_err_m21,1.561954e-04
horizon,simpson_abs_err_m22,2.437367e-04
horizon,simpson_abs_err_m23,3.575928e-04
horizon,simpson_abs_err_m24,4.752483e-04
horizon,simpson_abs_err_m25,5.746274e-04
horizon,simpson_abs_err_m26,6.406203e-04
horizon,simpson_abs_err_m27,6.676278e-04
horizon,simpson_abs_err_m28,6.583166e-04
horizon,simpson_abs_err_m29,6.204580e-04
horizon,simpson_abs_err_m30,5.636646e-04
decision_impact,core_6_changed,1
decision_impact,extended_changed,1
decision_impact,S11_grazing_only_changed,0
runtime,kalman_us,3.8445
runtime,quad_simpson_us,26.5457
runtime,quad_trig_us,27.6015
