sigma,policy,rws,safe_capture,unsafe_per_attempt,false_per_attempt,abort_success,engage_rate,track_rate,abort_rate
0.1,SafetyGatePolicy,1.1821,0.6832,0.000019,0.000562,1.0000,0.2968,0.2019,0.5013
0.1,BayesRiskPolicy,1.3107,0.8113,0.000288,0.000000,1.0000,0.3470,0.1862,0.4668
0.1,ReachabilityWithTrackingPolicy,1.1821,0.6821,0.000000,0.000000,1.0000,0.2962,0.2377,0.4661
0.1,ReachabilityFilterPolicy,1.3032,0.8032,0.000000,0.000000,1.0000,0.3438,0.2230,0.4332
0.2,SafetyGatePolicy,1.2316,0.7339,0.000228,0.000878,1.0000,0.3164,0.2036,0.4800
0.2,BayesRiskPolicy,1.3073,0.8114,0.002030,0.000000,1.0000,0.3476,0.1863,0.4661
0.2,ReachabilityWithTrackingPolicy,1.2327,0.7327,0.000000,0.000000,1.0000,0.3156,0.2538,0.4306
0.2,ReachabilityFilterPolicy,1.3034,0.8034,0.000000,0.000000,1.0000,0.3438,0.2380,0.4182
0.5,SafetyGatePolicy,1.2605,0.7649,0.001183,0.000980,1.0000,0.3287,0.1991,0.4722
0.5,BayesRiskPolicy,1.2923,0.8082,0.007951,0.000000,1.0000,0.3487,0.1860,0.4653
0.5,ReachabilityWithTrackingPolicy,1.2644,0.7644,0.000000,0.000000,1.0000,0.3278,0.2690,0.4032
0.5,ReachabilityFilterPolicy,1.3030,0.8030,0.000000,0.000000,1.0000,0.3439,0.2581,0.3980
