scenario,policy,trials,decisions,engage_rate,engage_n,unsafe_per_attempt,unsafe_n,unsafe_trials,false_per_attempt,false_n,false_trials,abort_success,abort_ok,abort_required
S10_MANEUVER_RISK_ZONE,A,10000,200000,0.015855,3171,0.000946,3,3,0.000000,0,0,1.0000,10000,10000
S1_STRAIGHT_INTRUSION,A,10000,200000,0.315575,63115,0.000000,0,0,0.000000,0,0,nan,0,0
S2_EVASIVE_MANEUVER,A,10000,200000,0.262880,52576,0.000000,0,0,0.000000,0,0,nan,0,0
S3_LOW_IDENTIFICATION_CONFIDENCE,A,10000,200000,0.000000,0,0.000000,0,0,0.000000,0,0,nan,0,0
S4_RISK_ZONE_PROXIMITY,A,10000,200000,0.014520,2904,0.016529,48,47,0.000000,0,0,1.0000,10000,10000
S5_TRACKING_LOSS,A,10000,200000,0.273365,54673,0.000000,0,0,0.000000,0,0,1.0000,9091,9091
S6_NON_INTERCEPTABLE_TARGET,A,10000,200000,0.000000,0,0.000000,0,0,0.000000,0,0,nan,0,0
S7_RISK_ZONE_TRANSIT,A,10000,200000,0.000000,0,0.000000,0,0,0.000000,0,0,1.0000,10000,10000
S9_FRIENDLY_PROXIMITY,A,10000,200000,0.005575,1115,0.000897,1,1,1.000000,1115,730,1.0000,9527,9527
S10_MANEUVER_RISK_ZONE,D,10000,200000,0.000950,190,0.015789,3,3,0.000000,0,0,1.0000,10000,10000
S1_STRAIGHT_INTRUSION,D,10000,200000,0.960345,192069,0.000000,0,0,0.000000,0,0,nan,0,0
S2_EVASIVE_MANEUVER,D,10000,200000,0.825040,165008,0.000000,0,0,0.000000,0,0,nan,0,0
S3_LOW_IDENTIFICATION_CONFIDENCE,D,10000,200000,0.000000,0,0.000000,0,0,0.000000,0,0,nan,0,0
S4_RISK_ZONE_PROXIMITY,D,10000,200000,0.003585,717,0.299861,215,137,0.000000,0,0,1.0000,10000,10000
S5_TRACKING_LOSS,D,10000,200000,0.735765,147153,0.000000,0,0,0.000000,0,0,1.0000,9091,9091
S6_NON_INTERCEPTABLE_TARGET,D,10000,200000,0.274650,54930,0.000000,0,0,0.000000,0,0,nan,0,0
S7_RISK_ZONE_TRANSIT,D,10000,200000,0.000000,0,0.000000,0,0,0.000000,0,0,1.0000,10000,10000
S9_FRIENDLY_PROXIMITY,D,10000,200000,0.001750,350,0.000000,0,0,1.000000,350,172,1.0000,9527,9527
