sigma,policy,rws,safe_capture,missed_safe_rate,unsafe_n,unsafe_trials,false_n,false_trials,engage_attempts,trials,safe_opportunities,abort_ok,abort_required
0.0,A,1.2771,0.777098,0.222902,0,0,0,0,480109,60000,617823,19091,19091
0.0,D,1.2576,0.757626,0.242374,0,0,0,0,524737,60000,617823,19091,19091
0.05,A,1.2777,0.777726,0.222274,1,1,0,0,480498,60000,617823,19091,19091
0.05,D,1.2316,0.731638,0.268362,1,1,0,0,506686,60000,617823,19091,19091
0.1,A,1.2657,0.765710,0.234290,2,2,0,0,473075,60000,617823,19091,19091
0.1,D,1.2586,0.758722,0.241278,35,29,0,0,523579,60000,617823,19091,19091
0.2,A,0.7798,0.280372,0.719628,48,47,0,0,173268,60000,617823,19091,19091
0.2,D,1.3162,0.816952,0.183048,215,137,0,0,559877,60000,617823,19091,19091
0.3,A,0.6199,0.121350,0.878650,53,48,0,0,75026,60000,617823,19091,19091
0.3,D,1.3382,0.839676,0.160324,411,226,0,0,574163,60000,617823,19091,19091
0.5,A,0.5710,0.071616,0.928384,14,14,0,0,44260,60000,617823,19091,19091
0.5,D,1.3493,0.851762,0.148238,703,357,0,0,582151,60000,617823,19091,19091
