sigma,bin_lo,bin_hi,n_steps,mean_r_env,realized_intrusion_rate,n_intrusions,n_engaged,n_engaged_intruding
0.1,0.0,0.01,71,0.0051,0.1127,8,63,6
0.1,0.01,0.05,495,0.0319,0.1212,60,458,58
0.1,0.05,0.2,4066,0.1347,0.1702,692,0,0
0.1,0.2,0.5,22054,0.3862,0.1909,4211,0,0
0.1,0.5,0.9,48235,0.7097,0.4329,20881,0,0
0.1,0.9,1.0,115079,0.9881,0.9491,109225,0,0
0.2,0.0,0.01,89,0.0055,0.3483,31,78,26
0.2,0.01,0.05,672,0.0317,0.4018,270,630,259
0.2,0.05,0.2,5433,0.1347,0.3979,2162,0,0
0.2,0.2,0.5,31623,0.3820,0.3358,10619,0,0
0.2,0.5,0.9,66129,0.7098,0.5912,39096,0,0
0.2,0.9,1.0,86054,0.9795,0.9633,82899,0,0
0.3,0.0,0.01,100,0.0058,0.6300,63,91,58
0.3,0.01,0.05,747,0.0315,0.5770,431,704,414
0.3,0.05,0.2,6377,0.1368,0.5448,3474,0,0
0.3,0.2,0.5,38290,0.3802,0.4136,15838,0,0
0.3,0.5,0.9,78714,0.7094,0.6580,51791,0,0
0.3,0.9,1.0,65772,0.9713,0.9652,63480,0,0
0.5,0.0,0.01,114,0.0058,0.8684,99,106,92
0.5,0.01,0.05,815,0.0312,0.7853,640,771,615
0.5,0.05,0.2,7494,0.1370,0.7150,5358,0,0
0.5,0.2,0.5,48351,0.3765,0.4908,23732,0,0
0.5,0.5,0.9,91146,0.7055,0.7139,65071,0,0
0.5,0.9,1.0,42080,0.9606,0.9548,40177,0,0
