sigma,configuration,s4_engagements,s4_unsafe,s4_unsafe_trials,unsafe_per_engagement
0.0,heuristic_published,0,0,0,0.000000
0.0,proposed_matched,0,0,0,0.000000
0.05,heuristic_published,103,1,1,0.009709
0.05,heuristic_best,103,1,1,0.009709
0.05,proposed_matched,364,1,1,0.002747
0.1,heuristic_published,1592,2,2,0.001256
0.1,heuristic_best,1593,2,2,0.001255
0.1,proposed_matched,522,35,29,0.067050
0.2,heuristic_published,2904,48,47,0.016529
0.2,heuristic_best,3254,63,62,0.019361
0.2,proposed_matched,717,215,137,0.299861
0.3,heuristic_published,2187,53,48,0.024234
0.3,heuristic_best,3295,178,167,0.054021
0.3,proposed_matched,815,411,226,0.504294
0.5,heuristic_published,1108,14,14,0.012635
0.5,heuristic_best,2484,300,282,0.120773
0.5,proposed_matched,937,703,357,0.750267
