sigma,theta_abort,theta_track,rws
0.0,0.0,0.0,1.2749
0.0,0.0,0.05,1.2749
0.0,0.0,0.1,1.2749
0.0,0.0,0.2,1.2749
0.0,0.0,0.3,1.2749
0.0,0.0,0.4,1.2749
0.0,0.0,0.5,1.2749
0.0,0.0,0.6,1.2749
0.0,0.0,0.7,1.2749
0.0,0.0,0.8,1.2705
0.0,0.05,0.0,1.2749
0.0,0.05,0.05,1.2749
0.0,0.05,0.1,1.2749
0.0,0.05,0.2,1.2749
0.0,0.05,0.3,1.2749
0.0,0.05,0.4,1.2749
0.0,0.05,0.5,1.2749
0.0,0.05,0.6,1.2749
0.0,0.05,0.7,1.2749
0.0,0.05,0.8,1.2705
0.0,0.1,0.0,1.2749
0.0,0.1,0.05,1.2749
0.0,0.1,0.1,1.2749
0.0,0.1,0.2,1.2749
0.0,0.1,0.3,1.2749
0.0,0.1,0.4,1.2749
0.0,0.1,0.5,1.2749
0.0,0.1,0.6,1.2749
0.0,0.1,0.7,1.2749
0.0,0.1,0.8,1.2705
0.0,0.2,0.0,1.2749
0.0,0.2,0.05,1.2749
0.0,0.2,0.1,1.2749
0.0,0.2,0.2,1.2749
0.0,0.2,0.3,1.2749
0.0,0.2,0.4,1.2749
0.0,0.2,0.5,1.2749
0.0,0.2,0.6,1.2749
0.0,0.2,0.7,1.2749
0.0,0.2,0.8,1.2705
0.0,0.3,0.0,1.2749
0.0,0.3,0.05,1.2749
0.0,0.3,0.1,1.2749
0.0,0.3,0.2,1.2749
0.0,0.3,0.3,1.2749
0.0,0.3,0.4,1.2749
0.0,0.3,0.5,1.2749
0.0,0.3,0.6,1.2749
0.0,0.3,0.7,1.2749
0.0,0.3,0.8,1.2705
0.05,0.0,0.0,1.2757
0.05,0.0,0.05,1.2757
0.05,0.0,0.1,1.2757
0.05,0.0,0.2,1.2757
0.05,0.0,0.3,1.2757
0.05,0.0,0.4,1.2757
0.05,0.0,0.5,1.2757
0.05,0.0,0.6,1.2757
0.05,0.0,0.7,1.2734
0.05,0.0,0.8,1.2053
0.05,0.05,0.0,1.2757
0.05,0.05,0.05,1.2757
0.05,0.05,0.1,1.2757
0.05,0.05,0.2,1.2757
0.05,0.05,0.3,1.2757
0.05,0.05,0.4,1.2757
0.05,0.05,0.5,1.2757
0.05,0.05,0.6,1.2757
0.05,0.05,0.7,1.2734
0.05,0.05,0.8,1.2053
0.05,0.1,0.0,1.2757
0.05,0.1,0.05,1.2757
0.05,0.1,0.1,1.2757
0.05,0.1,0.2,1.2757
0.05,0.1,0.3,1.2757
0.05,0.1,0.4,1.2757
0.05,0.1,0.5,1.2757
0.05,0.1,0.6,1.2757
0.05,0.1,0.7,1.2734
0.05,0.1,0.8,1.2053
0.05,0.2,0.0,1.2757
0.05,0.2,0.05,1.2757
0.05,0.2,0.1,1.2757
0.05,0.2,0.2,1.2757
0.05,0.2,0.3,1.2757
0.05,0.2,0.4,1.2757
0.05,0.2,0.5,1.2757
0.05,0.2,0.6,1.2757
0.05,0.2,0.7,1.2734
0.05,0.2,0.8,1.2053
0.05,0.3,0.0,1.2757
0.05,0.3,0.05,1.2757
0.05,0.3,0.1,1.2757
0.05,0.3,0.2,1.2757
0.05,0.3,0.3,1.2757
0.05,0.3,0.4,1.2757
0.05,0.3,0.5,1.2757
0.05,0.3,0.6,1.2757
0.05,0.3,0.7,1.2734
0.05,0.3,0.8,1.2053
0.1,0.0,0.0,1.2802
0.1,0.0,0.05,1.2802
0.1,0.0,0.1,1.2802
0.1,0.0,0.2,1.2802
0.1,0.0,0.3,1.2802
0.1,0.0,0.4,1.2802
0.1,0.0,0.5,1.2800
0.1,0.0,0.6,1.2646
0.1,0.0,0.7,1.0758
0.1,0.0,0.8,0.7210
0.1,0.05,0.0,1.2802
0.1,0.05,0.05,1.2802
0.1,0.05,0.1,1.2802
0.1,0.05,0.2,1.2802
0.1,0.05,0.3,1.2802
0.1,0.05,0.4,1.2802
0.1,0.05,0.5,1.2800
0.1,0.05,0.6,1.2646
0.1,0.05,0.7,1.0758
0.1,0.05,0.8,0.7210
0.1,0.1,0.0,1.2802
0.1,0.1,0.05,1.2802
0.1,0.1,0.1,1.2802
0.1,0.1,0.2,1.2802
0.1,0.1,0.3,1.2802
0.1,0.1,0.4,1.2802
0.1,0.1,0.5,1.2800
0.1,0.1,0.6,1.2646
0.1,0.1,0.7,1.0758
0.1,0.1,0.8,0.7210
0.1,0.2,0.0,1.2802
0.1,0.2,0.05,1.2802
0.1,0.2,0.1,1.2802
0.1,0.2,0.2,1.2802
0.1,0.2,0.3,1.2802
0.1,0.2,0.4,1.2802
0.1,0.2,0.5,1.2800
0.1,0.2,0.6,1.2646
0.1,0.2,0.7,1.0758
0.1,0.2,0.8,0.7210
0.1,0.3,0.0,1.2802
0.1,0.3,0.05,1.2802
0.1,0.3,0.1,1.2802
0.1,0.3,0.2,1.2802
0.1,0.3,0.3,1.2802
0.1,0.3,0.4,1.2802
0.1,0.3,0.5,1.2800
0.1,0.3,0.6,1.2646
0.1,0.3,0.7,1.0758
0.1,0.3,0.8,0.7210
0.2,0.0,0.0,1.2407
0.2,0.0,0.05,1.2407
0.2,0.0,0.1,1.2407
0.2,0.0,0.2,1.2407
0.2,0.0,0.3,1.2396
0.2,0.0,0.4,1.2057
0.2,0.0,0.5,1.0332
0.2,0.0,0.6,0.7810
0.2,0.0,0.7,0.6464
0.2,0.0,0.8,0.5897
0.2,0.05,0.0,1.2407
0.2,0.05,0.05,1.2407
0.2,0.05,0.1,1.2407
0.2,0.05,0.2,1.2407
0.2,0.05,0.3,1.2396
0.2,0.05,0.4,1.2057
0.2,0.05,0.5,1.0332
0.2,0.05,0.6,0.7810
0.2,0.05,0.7,0.6464
0.2,0.05,0.8,0.5897
0.2,0.1,0.0,1.2407
0.2,0.1,0.05,1.2407
0.2,0.1,0.1,1.2407
0.2,0.1,0.2,1.2407
0.2,0.1,0.3,1.2396
0.2,0.1,0.4,1.2057
0.2,0.1,0.5,1.0332
0.2,0.1,0.6,0.7810
0.2,0.1,0.7,0.6464
0.2,0.1,0.8,0.5897
0.2,0.2,0.0,1.2407
0.2,0.2,0.05,1.2407
0.2,0.2,0.1,1.2407
0.2,0.2,0.2,1.2407
0.2,0.2,0.3,1.2396
0.2,0.2,0.4,1.2057
0.2,0.2,0.5,1.0332
0.2,0.2,0.6,0.7810
0.2,0.2,0.7,0.6464
0.2,0.2,0.8,0.5897
0.2,0.3,0.0,1.2396
0.2,0.3,0.05,1.2396
0.2,0.3,0.1,1.2396
0.2,0.3,0.2,1.2396
0.2,0.3,0.3,1.2396
0.2,0.3,0.4,1.2057
0.2,0.3,0.5,1.0332
0.2,0.3,0.6,0.7810
0.2,0.3,0.7,0.6464
0.2,0.3,0.8,0.5897
0.3,0.0,0.0,1.1285
0.3,0.0,0.05,1.1285
0.3,0.0,0.1,1.1285
0.3,0.0,0.2,1.1240
0.3,0.0,0.3,1.0499
0.3,0.0,0.4,0.8606
0.3,0.0,0.5,0.6935
0.3,0.0,0.6,0.6202
0.3,0.0,0.7,0.5887
0.3,0.0,0.8,0.5667
0.3,0.05,0.0,1.1285
0.3,0.05,0.05,1.1285
0.3,0.05,0.1,1.1285
0.3,0.05,0.2,1.1240
0.3,0.05,0.3,1.0499
0.3,0.05,0.4,0.8606
0.3,0.05,0.5,0.6935
0.3,0.05,0.6,0.6202
0.3,0.05,0.7,0.5887
0.3,0.05,0.8,0.5667
0.3,0.1,0.0,1.1285
0.3,0.1,0.05,1.1285
0.3,0.1,0.1,1.1285
0.3,0.1,0.2,1.1240
0.3,0.1,0.3,1.0499
0.3,0.1,0.4,0.8606
0.3,0.1,0.5,0.6935
0.3,0.1,0.6,0.6202
0.3,0.1,0.7,0.5887
0.3,0.1,0.8,0.5667
0.3,0.2,0.0,1.1240
0.3,0.2,0.05,1.1240
0.3,0.2,0.1,1.1240
0.3,0.2,0.2,1.1240
0.3,0.2,0.3,1.0499
0.3,0.2,0.4,0.8606
0.3,0.2,0.5,0.6935
0.3,0.2,0.6,0.6202
0.3,0.2,0.7,0.5887
0.3,0.2,0.8,0.5667
0.3,0.3,0.0,1.0499
0.3,0.3,0.05,1.0499
0.3,0.3,0.1,1.0499
0.3,0.3,0.2,1.0499
0.3,0.3,0.3,1.0499
0.3,0.3,0.4,0.8606
0.3,0.3,0.5,0.6935
0.3,0.3,0.6,0.6202
0.3,0.3,0.7,0.5887
0.3,0.3,0.8,0.5667
0.5,0.0,0.0,0.9033
0.5,0.0,0.05,0.9029
0.5,0.0,0.1,0.8890
0.5,0.0,0.2,0.7676
0.5,0.0,0.3,0.6444
0.5,0.0,0.4,0.5922
0.5,0.0,0.5,0.5764
0.5,0.0,0.6,0.5703
0.5,0.0,0.7,0.5630
0.5,0.0,0.8,0.5555
0.5,0.05,0.0,0.9029
0.5,0.05,0.05,0.9029
0.5,0.05,0.1,0.8890
0.5,0.05,0.2,0.7676
0.5,0.05,0.3,0.6444
0.5,0.05,0.4,0.5922
0.5,0.05,0.5,0.5764
0.5,0.05,0.6,0.5703
0.5,0.05,0.7,0.5630
0.5,0.05,0.8,0.5555
0.5,0.1,0.0,0.8890
0.5,0.1,0.05,0.8890
0.5,0.1,0.1,0.8890
0.5,0.1,0.2,0.7676
0.5,0.1,0.3,0.6444
0.5,0.1,0.4,0.5922
0.5,0.1,0.5,0.5764
0.5,0.1,0.6,0.5703
0.5,0.1,0.7,0.5630
0.5,0.1,0.8,0.5555
0.5,0.2,0.0,0.7676
0.5,0.2,0.05,0.7676
0.5,0.2,0.1,0.7676
0.5,0.2,0.2,0.7676
0.5,0.2,0.3,0.6444
0.5,0.2,0.4,0.5922
0.5,0.2,0.5,0.5764
0.5,0.2,0.6,0.5703
0.5,0.2,0.7,0.5630
0.5,0.2,0.8,0.5555
0.5,0.3,0.0,0.6444
0.5,0.3,0.05,0.6444
0.5,0.3,0.1,0.6444
0.5,0.3,0.2,0.6444
0.5,0.3,0.3,0.6444
0.5,0.3,0.4,0.5922
0.5,0.3,0.5,0.5764
0.5,0.3,0.6,0.5703
0.5,0.3,0.7,0.5630
0.5,0.3,0.8,0.5555
