sigma,parameter,plateau_lo,plateau_hi,fold,argmax,best_rws,default_rws
0.1,kalman_process_noise,0.05,2.0,40.0,2.0,1.3015,1.2565
0.2,kalman_process_noise,0.01,2.0,200.0,2.0,1.3309,1.3121
0.5,kalman_process_noise,0.01,2.0,200.0,2.0,1.3472,1.3448
0.1,safety_tracking_confidence_threshold,0.005,0.05,10.0,0.005,1.3008,1.2565
0.2,safety_tracking_confidence_threshold,0.005,0.05,10.0,0.005,1.3601,1.3121
0.5,safety_tracking_confidence_threshold,0.005,0.05,10.0,0.005,1.3787,1.3448
0.1,safety_tracking_abort_threshold,0.001,0.05,50.0,0.001,1.2565,1.2565
0.2,safety_tracking_abort_threshold,0.001,0.05,50.0,0.001,1.3121,1.3121
0.5,safety_tracking_abort_threshold,0.001,0.05,50.0,0.001,1.3448,1.3448
0.1,safety_risk_score_threshold,0.01,0.5,50.0,0.5,1.2845,1.2565
0.2,safety_risk_score_threshold,0.01,0.5,50.0,0.5,1.3233,1.3121
0.5,safety_risk_score_threshold,0.01,0.5,50.0,0.01,1.3465,1.3448
0.1,REGRET_proposed,,,,0.005,1.3008,1.2565
0.1,REGRET_heuristic,,,,0.0,1.2802,1.2646
0.2,REGRET_proposed,,,,0.005,1.3601,1.3121
0.2,REGRET_heuristic,,,,0.0,1.2396,0.7810
0.5,REGRET_proposed,,,,0.005,1.3787,1.3448
0.5,REGRET_heuristic,,,,0.0,0.6444,0.5703
