sigma,parameter,value,rws
0.1,kalman_process_noise,0.01,1.2493
0.1,kalman_process_noise,0.02,1.2500
0.1,kalman_process_noise,0.05,1.2524
0.1,kalman_process_noise,0.1,1.2565
0.1,kalman_process_noise,0.2,1.2637
0.1,kalman_process_noise,0.5,1.2787
0.1,kalman_process_noise,1.0,1.2917
0.1,kalman_process_noise,2.0,1.3015
0.2,kalman_process_noise,0.01,1.3089
0.2,kalman_process_noise,0.02,1.3092
0.2,kalman_process_noise,0.05,1.3101
0.2,kalman_process_noise,0.1,1.3121
0.2,kalman_process_noise,0.2,1.3147
0.2,kalman_process_noise,0.5,1.3210
0.2,kalman_process_noise,1.0,1.3271
0.2,kalman_process_noise,2.0,1.3309
0.5,kalman_process_noise,0.01,1.3447
0.5,kalman_process_noise,0.02,1.3448
0.5,kalman_process_noise,0.05,1.3448
0.5,kalman_process_noise,0.1,1.3448
0.5,kalman_process_noise,0.2,1.3449
0.5,kalman_process_noise,0.5,1.3455
0.5,kalman_process_noise,1.0,1.3463
0.5,kalman_process_noise,2.0,1.3472
0.1,safety_tracking_confidence_threshold,0.005,1.3008
0.1,safety_tracking_confidence_threshold,0.01,1.3008
0.1,safety_tracking_confidence_threshold,0.02,1.2867
0.1,safety_tracking_confidence_threshold,0.05,1.2565
0.1,safety_tracking_confidence_threshold,0.1,1.2188
0.1,safety_tracking_confidence_threshold,0.2,1.1466
0.1,safety_tracking_confidence_threshold,0.3,1.0760
0.1,safety_tracking_confidence_threshold,0.5,0.9298
0.2,safety_tracking_confidence_threshold,0.005,1.3601
0.2,safety_tracking_confidence_threshold,0.01,1.3601
0.2,safety_tracking_confidence_threshold,0.02,1.3454
0.2,safety_tracking_confidence_threshold,0.05,1.3121
0.2,safety_tracking_confidence_threshold,0.1,1.2665
0.2,safety_tracking_confidence_threshold,0.2,1.1838
0.2,safety_tracking_confidence_threshold,0.3,1.1043
0.2,safety_tracking_confidence_threshold,0.5,0.9469
0.5,safety_tracking_confidence_threshold,0.005,1.3787
0.5,safety_tracking_confidence_threshold,0.01,1.3787
0.5,safety_tracking_confidence_threshold,0.02,1.3702
0.5,safety_tracking_confidence_threshold,0.05,1.3448
0.5,safety_tracking_confidence_threshold,0.1,1.3036
0.5,safety_tracking_confidence_threshold,0.2,1.2206
0.5,safety_tracking_confidence_threshold,0.3,1.1381
0.5,safety_tracking_confidence_threshold,0.5,0.9693
0.1,safety_tracking_abort_threshold,0.001,1.2565
0.1,safety_tracking_abort_threshold,0.002,1.2565
0.1,safety_tracking_abort_threshold,0.005,1.2565
0.1,safety_tracking_abort_threshold,0.01,1.2565
0.1,safety_tracking_abort_threshold,0.02,1.2565
0.1,safety_tracking_abort_threshold,0.05,1.2565
0.2,safety_tracking_abort_threshold,0.001,1.3121
0.2,safety_tracking_abort_threshold,0.002,1.3121
0.2,safety_tracking_abort_threshold,0.005,1.3121
0.2,safety_tracking_abort_threshold,0.01,1.3121
0.2,safety_tracking_abort_threshold,0.02,1.3121
0.2,safety_tracking_abort_threshold,0.05,1.3121
0.5,safety_tracking_abort_threshold,0.001,1.3448
0.5,safety_tracking_abort_threshold,0.002,1.3448
0.5,safety_tracking_abort_threshold,0.005,1.3448
0.5,safety_tracking_abort_threshold,0.01,1.3448
0.5,safety_tracking_abort_threshold,0.02,1.3448
0.5,safety_tracking_abort_threshold,0.05,1.3448
0.1,safety_risk_score_threshold,0.01,1.2556
0.1,safety_risk_score_threshold,0.02,1.2558
0.1,safety_risk_score_threshold,0.05,1.2565
0.1,safety_risk_score_threshold,0.1,1.2580
0.1,safety_risk_score_threshold,0.2,1.2617
0.1,safety_risk_score_threshold,0.5,1.2845
0.2,safety_risk_score_threshold,0.01,1.3117
0.2,safety_risk_score_threshold,0.02,1.3119
0.2,safety_risk_score_threshold,0.05,1.3121
0.2,safety_risk_score_threshold,0.1,1.3126
0.2,safety_risk_score_threshold,0.2,1.3126
0.2,safety_risk_score_threshold,0.5,1.3233
0.5,safety_risk_score_threshold,0.01,1.3465
0.5,safety_risk_score_threshold,0.02,1.3464
0.5,safety_risk_score_threshold,0.05,1.3448
0.5,safety_risk_score_threshold,0.1,1.3416
0.5,safety_risk_score_threshold,0.2,1.3325
0.5,safety_risk_score_threshold,0.5,1.3096
0.2,prediction_horizon_steps,1,1.3273
0.2,prediction_horizon_steps,2,1.3179
0.2,prediction_horizon_steps,3,1.3143
0.2,prediction_horizon_steps,5,1.3129
0.2,prediction_horizon_steps,10,1.3122
0.2,prediction_horizon_steps,20,1.3121
0.2,prediction_horizon_steps,30,1.3121
0.2,q_by_scenario:S1_STRAIGHT_INTRUSION,0.01,0.9578
0.2,q_by_scenario:S1_STRAIGHT_INTRUSION,0.02,0.9579
0.2,q_by_scenario:S1_STRAIGHT_INTRUSION,0.05,0.9583
0.2,q_by_scenario:S1_STRAIGHT_INTRUSION,0.1,0.9587
0.2,q_by_scenario:S1_STRAIGHT_INTRUSION,0.2,0.9588
0.2,q_by_scenario:S1_STRAIGHT_INTRUSION,0.5,0.9604
0.2,q_by_scenario:S1_STRAIGHT_INTRUSION,1.0,0.9614
0.2,q_by_scenario:S1_STRAIGHT_INTRUSION,2.0,0.9630
0.2,q_by_scenario:S2_EVASIVE_MANEUVER,0.01,0.8169
0.2,q_by_scenario:S2_EVASIVE_MANEUVER,0.02,0.8178
0.2,q_by_scenario:S2_EVASIVE_MANEUVER,0.05,0.8204
0.2,q_by_scenario:S2_EVASIVE_MANEUVER,0.1,0.8258
0.2,q_by_scenario:S2_EVASIVE_MANEUVER,0.2,0.8336
0.2,q_by_scenario:S2_EVASIVE_MANEUVER,0.5,0.8512
0.2,q_by_scenario:S2_EVASIVE_MANEUVER,1.0,0.8690
0.2,q_by_scenario:S2_EVASIVE_MANEUVER,2.0,0.8778
0.2,q_by_scenario:S3_LOW_IDENTIFICATION_CONFIDENCE,0.01,0.0000
0.2,q_by_scenario:S3_LOW_IDENTIFICATION_CONFIDENCE,0.02,0.0000
0.2,q_by_scenario:S3_LOW_IDENTIFICATION_CONFIDENCE,0.05,0.0000
0.2,q_by_scenario:S3_LOW_IDENTIFICATION_CONFIDENCE,0.1,0.0000
0.2,q_by_scenario:S3_LOW_IDENTIFICATION_CONFIDENCE,0.2,0.0000
0.2,q_by_scenario:S3_LOW_IDENTIFICATION_CONFIDENCE,0.5,0.0000
0.2,q_by_scenario:S3_LOW_IDENTIFICATION_CONFIDENCE,1.0,0.0000
0.2,q_by_scenario:S3_LOW_IDENTIFICATION_CONFIDENCE,2.0,0.0000
0.2,q_by_scenario:S4_RISK_ZONE_PROXIMITY,0.01,0.1296
0.2,q_by_scenario:S4_RISK_ZONE_PROXIMITY,0.02,0.1296
0.2,q_by_scenario:S4_RISK_ZONE_PROXIMITY,0.05,0.1356
0.2,q_by_scenario:S4_RISK_ZONE_PROXIMITY,0.1,0.1526
0.2,q_by_scenario:S4_RISK_ZONE_PROXIMITY,0.2,0.1694
0.2,q_by_scenario:S4_RISK_ZONE_PROXIMITY,0.5,0.1794
0.2,q_by_scenario:S4_RISK_ZONE_PROXIMITY,1.0,0.1047
0.2,q_by_scenario:S4_RISK_ZONE_PROXIMITY,2.0,0.4077
0.2,q_by_scenario:S5_TRACKING_LOSS,0.01,1.4625
0.2,q_by_scenario:S5_TRACKING_LOSS,0.02,1.4625
0.2,q_by_scenario:S5_TRACKING_LOSS,0.05,1.4625
0.2,q_by_scenario:S5_TRACKING_LOSS,0.1,1.4629
0.2,q_by_scenario:S5_TRACKING_LOSS,0.2,1.4632
0.2,q_by_scenario:S5_TRACKING_LOSS,0.5,1.4639
0.2,q_by_scenario:S5_TRACKING_LOSS,1.0,1.4649
0.2,q_by_scenario:S5_TRACKING_LOSS,2.0,1.4668
0.2,q_by_scenario:S6_NON_INTERCEPTABLE_TARGET,0.01,0.0000
0.2,q_by_scenario:S6_NON_INTERCEPTABLE_TARGET,0.02,0.0000
0.2,q_by_scenario:S6_NON_INTERCEPTABLE_TARGET,0.05,0.0000
0.2,q_by_scenario:S6_NON_INTERCEPTABLE_TARGET,0.1,0.0000
0.2,q_by_scenario:S6_NON_INTERCEPTABLE_TARGET,0.2,0.0000
0.2,q_by_scenario:S6_NON_INTERCEPTABLE_TARGET,0.5,0.0000
0.2,q_by_scenario:S6_NON_INTERCEPTABLE_TARGET,1.0,0.0000
0.2,q_by_scenario:S6_NON_INTERCEPTABLE_TARGET,2.0,0.0000
