assumed_sigma,true_sigma,rws,unsafe_per_attempt,abort_success,false_abort_realized,false_track_realized
0.05,0.0,1.2522,0.000000,1.0000,0.00000,0.00000
0.05,0.05,1.2296,0.000000,1.0000,0.00669,0.03014
0.05,0.1,0.9682,0.000422,1.0000,0.26348,0.19787
0.05,0.2,0.6861,0.006204,1.0000,0.68189,0.26382
0.05,0.3,0.5939,0.012591,1.0000,0.81871,0.24135
0.05,0.5,0.5486,0.012417,1.0000,0.90090,0.17372
0.1,0.0,1.2801,0.000000,1.0000,0.00000,0.00000
0.1,0.05,1.2829,0.000000,1.0000,0.00000,0.00002
0.1,0.1,1.2565,0.000019,1.0000,0.00715,0.03127
0.1,0.2,0.9702,0.003207,1.0000,0.27289,0.20412
0.1,0.3,0.7650,0.009655,1.0000,0.54361,0.25768
0.1,0.5,0.5979,0.020308,1.0000,0.77666,0.25865
0.2,0.0,1.3739,0.000000,1.0000,0.00000,0.00000
0.2,0.05,1.3701,0.000000,1.0000,0.00000,0.00000
0.2,0.1,1.3612,0.000000,1.0000,0.00000,0.00002
0.2,0.2,1.3121,0.000229,1.0000,0.00705,0.03257
0.2,0.3,1.1521,0.003439,1.0000,0.10855,0.13446
0.2,0.5,0.8383,0.013888,1.0000,0.43197,0.24182
0.5,0.0,1.3900,0.000000,1.0000,0.00000,0.00000
0.5,0.05,1.3900,0.000000,1.0000,0.00000,0.00000
0.5,0.1,1.3900,0.000000,1.0000,0.00000,0.00000
0.5,0.2,1.3900,0.000000,1.0000,0.00000,0.00000
0.5,0.3,1.3891,0.000000,1.0000,0.00001,0.00015
0.5,0.5,1.3448,0.001134,1.0000,0.00690,0.03368
matched,0.0,1.2554,0.000000,1.0000,0.00000,0.00000
matched,0.05,1.2296,0.000000,1.0000,0.00669,0.03014
matched,0.1,1.2565,0.000019,1.0000,0.00715,0.03127
matched,0.2,1.3121,0.000229,1.0000,0.00705,0.03257
matched,0.3,1.3338,0.000600,1.0000,0.00705,0.03317
matched,0.5,1.3448,0.001134,1.0000,0.00690,0.03368
