case,chi2_gate,rws,unsafe_per_attempt,abort_success,false_abort,false_track
gaussian (submitted),off,1.3121,0.000229,1.0000,0.00705,0.03257
gaussian (submitted),on,1.2937,0.000215,1.0000,0.00743,0.03336
Student-t (nu=3),off,1.3133,0.000527,1.0000,0.02225,0.02451
Student-t (nu=3),on,1.3068,0.000301,1.0000,0.02016,0.02168
bias +0.3,off,1.3117,0.000000,1.0000,0.00705,0.03252
bias +0.3,on,1.2931,0.000000,1.0000,0.00743,0.03331
bias +0.6,off,1.3117,0.000000,1.0000,0.00705,0.03252
bias +0.6,on,1.2931,0.000000,1.0000,0.00743,0.03331
clutter 5% @5sigma,off,1.2263,0.001623,1.0000,0.07758,0.06257
clutter 5% @5sigma,on,1.2242,0.001392,1.0000,0.06850,0.04926
clutter 1% @5sigma,off,1.2935,0.000594,1.0000,0.02174,0.03912
clutter 1% @5sigma,on,1.2775,0.000622,1.0000,0.01988,0.03626
