sigma,variant,abort_latching,rws,per_step_false_abort,per_step_false_track,per_trial_false_abort,per_trial_false_track,s2_detect_frac,s2_median_step
0.2,W=1 (submitted),0,1.3121,0.00705,0.03257,0.13275,0.35900,0.9810,14
0.2,W=1 (submitted),1,1.2435,0.00490,0.02310,0.09800,0.33650,0.9810,13
0.2,W=3,0,1.2921,0.00664,0.02914,0.08050,0.24200,0.9710,14
0.2,W=3,1,1.2569,0.00296,0.01990,0.05925,0.22700,0.9710,14
0.2,W=5,0,1.2903,0.00628,0.02657,0.05825,0.18500,0.9540,15
0.2,W=5,1,1.2689,0.00213,0.01762,0.04250,0.17350,0.9540,15
0.2,W=10,0,1.2992,0.00500,0.02365,0.03400,0.12725,0.9180,15
0.2,W=10,1,1.2876,0.00124,0.01535,0.02475,0.12100,0.9180,15
0.2,W=1 + chi2 gate,0,1.2937,0.00743,0.03336,0.13275,0.36425,0.9810,13
0.2,W=1 + chi2 gate,1,1.2435,0.00490,0.02310,0.09800,0.33650,0.9810,13
0.2,W=5 + chi2 gate,0,1.2842,0.00854,0.02788,0.07175,0.19425,0.9560,14
0.2,W=5 + chi2 gate,1,1.2632,0.00270,0.01788,0.05400,0.18050,0.9560,14
0.5,W=1 (submitted),0,1.3448,0.00690,0.03368,0.12900,0.36475,0.7300,12
0.5,W=1 (submitted),1,1.2899,0.00487,0.02379,0.09750,0.34175,0.7300,12
0.5,W=3,0,1.3454,0.00692,0.02950,0.08475,0.24650,0.5490,13
0.5,W=3,1,1.3103,0.00317,0.01937,0.06350,0.22350,0.5490,13
0.5,W=5,0,1.3450,0.00677,0.02773,0.06400,0.19350,0.4680,14
0.5,W=5,1,1.3213,0.00237,0.01770,0.04750,0.17650,0.4680,14
0.5,W=10,0,1.3499,0.00579,0.02553,0.04150,0.13900,0.3530,15
0.5,W=10,1,1.3343,0.00156,0.01566,0.03125,0.12550,0.3530,15
0.5,W=1 + chi2 gate,0,1.3426,0.00721,0.03389,0.12900,0.36625,0.7300,12
0.5,W=1 + chi2 gate,1,1.2899,0.00487,0.02379,0.09750,0.34175,0.7300,12
0.5,W=5 + chi2 gate,0,1.3413,0.00819,0.02824,0.07300,0.19825,0.4760,14
0.5,W=5 + chi2 gate,1,1.3170,0.00276,0.01748,0.05525,0.17975,0.4760,14
