sigma,policy,rws,safe_capture,missed_safe_rate,safe_opportunity_n,unsafe_n,engage_attempts_n,unsafe_per_attempt,abort_success
0.0,heuristic,1.2771,0.7771,0.2229,617823,0,480109,0.000000,1.0000
0.0,proposed,1.2576,0.7576,0.2424,617823,0,524737,0.000000,1.0000
0.05,heuristic,1.2777,0.7777,0.2223,617823,1,480498,0.000002,1.0000
0.05,proposed,1.2316,0.7316,0.2684,617823,1,506686,0.000002,1.0000
0.1,heuristic,1.2657,0.7657,0.2343,617823,2,473075,0.000004,1.0000
0.1,proposed,1.2586,0.7587,0.2413,617823,35,523579,0.000067,1.0000
0.2,heuristic,0.7798,0.2804,0.7196,617823,48,173268,0.000277,1.0000
0.2,proposed,1.3162,0.8170,0.1830,617823,215,559877,0.000384,1.0000
0.3,heuristic,0.6199,0.1214,0.8786,617823,53,75026,0.000706,1.0000
0.3,proposed,1.3382,0.8397,0.1603,617823,411,574163,0.000716,1.0000
0.5,heuristic,0.5710,0.0716,0.9284,617823,14,44260,0.000316,1.0000
0.5,proposed,1.3493,0.8518,0.1482,617823,703,582151,0.001208,1.0000
