scenario,sigma,model,n_unsafe,n_safe,auc
S4_RISK_ZONE_PROXIMITY,0.1,linear,13151,6849,0.4007
S4_RISK_ZONE_PROXIMITY,0.1,probability,13151,6849,0.9332
S4_RISK_ZONE_PROXIMITY,0.2,linear,13151,6849,0.4069
S4_RISK_ZONE_PROXIMITY,0.2,probability,13151,6849,0.8644
S4_RISK_ZONE_PROXIMITY,0.5,linear,13151,6849,0.4132
S4_RISK_ZONE_PROXIMITY,0.5,probability,13151,6849,0.7194
S7_RISK_ZONE_TRANSIT,0.1,linear,19888,112,0.4985
S7_RISK_ZONE_TRANSIT,0.1,probability,19888,112,0.9805
S7_RISK_ZONE_TRANSIT,0.2,linear,19888,112,0.4981
S7_RISK_ZONE_TRANSIT,0.2,probability,19888,112,0.9589
S7_RISK_ZONE_TRANSIT,0.5,linear,19888,112,0.4984
S7_RISK_ZONE_TRANSIT,0.5,probability,19888,112,0.9164
S11_MARGINAL_GRAZING,0.1,linear,3385,16615,0.7674
S11_MARGINAL_GRAZING,0.1,probability,3385,16615,0.9880
S11_MARGINAL_GRAZING,0.2,linear,3385,16615,0.7187
S11_MARGINAL_GRAZING,0.2,probability,3385,16615,0.9675
S11_MARGINAL_GRAZING,0.5,linear,3385,16615,0.6279
S11_MARGINAL_GRAZING,0.5,probability,3385,16615,0.8876
