sigma,effect,value
0.0,K,-0.0721
0.0,P,0.0000
0.0,C,0.0526
0.0,KxP,0.0000
0.0,KxC,-0.0445
0.0,PxC,0.0000
0.05,K,-0.0941
0.05,P,-0.0035
0.05,C,0.0515
0.05,KxP,-0.0032
0.05,KxC,-0.0415
0.05,PxC,-0.0000
0.1,K,-0.0492
0.1,P,-0.0061
0.1,C,0.0473
0.1,KxP,-0.0031
0.1,KxC,-0.0256
0.1,PxC,-0.0001
0.2,K,0.5048
0.2,P,-0.0049
0.2,C,0.0314
0.2,KxP,-0.0003
0.2,KxC,0.0078
0.2,PxC,-0.0005
0.3,K,0.6805
0.3,P,-0.0007
0.3,C,0.0340
0.3,KxP,0.0007
0.3,KxC,0.0117
0.3,PxC,-0.0008
0.5,K,0.7402
0.5,P,0.0032
0.5,C,0.0315
0.5,KxP,0.0045
0.5,KxC,0.0184
0.5,PxC,-0.0007
