sigma,kalman,prob_renv,capturability,rws
0.0,0,0,0,1.2749
0.0,0,0,1,1.3720
0.0,0,1,0,1.2749
0.0,0,1,1,1.3720
0.0,1,0,0,1.2473
0.0,1,0,1,1.2554
0.0,1,1,0,1.2473
0.0,1,1,1,1.2554
0.05,0,0,0,1.2757
0.05,0,0,1,1.3688
0.05,0,1,0,1.2755
0.05,0,1,1,1.3685
0.05,1,0,0,1.2263
0.05,1,0,1,1.2364
0.05,1,1,0,1.2197
0.05,1,1,1,1.2296
0.1,0,0,0,1.2646
0.1,0,0,1,1.3375
0.1,0,1,0,1.2617
0.1,0,1,1,1.3346
0.1,1,0,0,1.2440
0.1,1,0,1,1.2659
0.1,1,1,0,1.2351
0.1,1,1,1,1.2565
0.2,0,0,0,0.7810
0.2,0,0,1,0.8048
0.2,0,1,0,0.7766
0.2,0,1,1,0.8000
0.2,1,0,0,1.2780
0.2,1,0,1,1.3179
0.2,1,1,0,1.2736
0.2,1,1,1,1.3121
0.3,0,0,0,0.6202
0.3,0,0,1,0.6430
0.3,0,1,0,0.6194
0.3,0,1,1,0.6411
0.3,1,0,0,1.2881
0.3,1,0,1,1.3349
0.3,1,1,0,1.2891
0.3,1,1,1,1.3338
0.5,0,0,0,0.5703
0.5,0,0,1,0.5837
0.5,0,1,0,0.5693
0.5,0,1,1,0.5821
0.5,1,0,0,1.2872
0.5,1,0,1,1.3383
0.5,1,1,0,1.2961
0.5,1,1,1,1.3448
